Dataset,Key Metric,Mean,Std Dev,Min,Max
DataScience Jobs,Avg Salary (L),13.234893882646691,7.840743833021559,1.4,82.0
Analytics Jobs,Avg Salary (L),12.270626854365254,9.656390902915415,1.5,37.5
JDS Skill Traits,Composite Skill Score,4.266618705035971,0.5064018481616149,2.7,4.9799999999999995
SDS Personality Traits,Composite Personality,42.10807453416149,6.7063773301544805,23.0,52.4
